,Publisher,Title,Author(s),ISBN,
,Was editorial,Si vas a soñar hazlo en grande,Juan Carlos Barrios,9786072927285,
,Was editorial,Tu calabaza gigante,Juan Carlos Barrios,9786075941714,
,Was editorial,Sinergéticos,Jorge Serratos,9786075962078,
,Was editorial,Conectando con la energía de la abundancia,Alex Gomez Medina,9786079948580,
,Was editorial,Cómo escribir un libro extraordinario,"Rebeca González, Juan Carlos Barrios, Spencer Hoffmann",9786079982072,
,Was editorial,Intencionalidad Blindada,Alex Palombo,9786079948597,
,Was editorial,Franquicia Blindada,Alex Palombo,9786075941776,
,Was editorial,El secreto de aprender a invertir,Yoel Sardiñas,9786079948573,
,Was editorial,Un millón al año no hace daño,Yoel Sardiñas,9786075962047,
,Was editorial,Liderazgo vestido de mujer,Erika Torres,9786079948559,
,Was editorial,Bienvenido a mi mundo,Elisa Ramírez,n/a,
,Was editorial,Emprende sin morir en el intento,Alex Vazquez,9786079948566,
,Was editorial,Cómo salir de la cubeta de cangrejos,Alex Vazquez,9786075988610,
,Was editorial,Los milagros del amor,Spencer Hoffmann,n/a,
,Was editorial,¡Auxilio! Se me perdió la felicidad,Adriana Vega,9786075962085,
,Was editorial,El magnetismo del amor,Jenny Linares,9786075982700,
,Was editorial,Cruzando fronteras,Elizabeth Reséndiz,9786075988672,
,Was editorial,Yo soy la primera dama,Rocío Jimenez Nolasco,9786075962054,
,Was editorial,Reflejos ocultos,Diana Martínez Partida,9786075988641,
,Was editorial,Mictlán,Francisco Escobar,9686079948535,
,Was editorial,La civilización del amor,Mónica Viviana Arias Arcila,978-607-8974-00-9,
,Was editorial,¡Prémiate a ti mismo!,Daisy Rosales,9789587925814,
,Was editorial,Fortaleza inquebrantable,Nara Trejo,9786075988689,
,Was editorial,Metamorfosis consciente,Sofía Muñiz,9786075988627,
,Was editorial,Cuentos para niños soñadores,Irma Rocha,9786075988665,
,Was editorial,Ventas de adentro hacia afuera,Nancy Valiente,9786075982755,
,Was editorial,"Cuídate mucho, diviértete más",David Hernández,9786075982762,
,Was editorial,Amar excepcionalmente,Ana Paola Ramos Uriarte y Jaime Guzmán Fontanot,9786079977832,
,Was editorial,Reflejos del alma,Jeanette Candiani,9786075988634,
,Was editorial,La magia de renacer,Graciela Pedro,9786075988696,
,Was editorial,Rompe tus cadenas,Oscar Ramírez,9786075982724,
,Was editorial,Cocinando tus sueños,Chef Coco González,9786075989006,
,,Cocinando tus sueños,Pasta dura Coco,,
,Was editorial,23 centímetro de emprendimiento,Nicolás Robles,9786075988658,
,Was editorial,El que tenga tienda que no la atienda,Jesús Rivas y Carolina Candedo,9786075982793,
,Was editorial,El propósito de la oveja negra,José Fernando Montes Arias,9786075982786,
,Was editorial,De lo ordinario a lo extraordinario,Jesus Alberto Santacruz,9786075982779,
,Was editorial,Impuestos al éxito,Juan Manuel Morales,9786075982731,
,Was editorial,El poder está en ti,José Ardón,n/a,
,Was editorial,Reconectando,Angélica Lighten,9789587925791,
,Was editorial,Mujer Virtuosa,Shariteé Salgado,9786075988603,
,Was editorial,Diario de lectura,Was editorial,n/a,
,Was editorial,La dieta mediterránea con sabor a México,Marina Rodríguez,9786075962061,
,Independiente,Ok Hablemos de amor,Mark Achar,9786079964153,
,Was editorial,Escúchame no estoy muerto,Doris Michan,9786079982041,
,Was editorial,Cómo crece el dinero,Josue Mejia,9786075941752,
,Was editorial,El camino secreto para emprender con éxito,Gumaro Bracho,9786075941745,
,Was editorial,Placer sin límite,Patty González,9786079982058,
,Was editorial,Conviértete en un profesional,Lisayly Hurtado Romero,9786079982096,
,Was editorial,El gran salto emprendedor,Paco Hernández,n/a,
,Was editorial,Creando mi realidad,Olas de Luz,9786075941721,
,Was editorial,Deja que e lo cuente,Compilación de cuentos,n/a,
,Was editorial,Tiembla de placer,Denisse Rendón,9786075962030,
,Was editorial,Metamorfosis en el liderazgo,Sandra Ballesteros,9786075941783,
,Was editorial,Punto ciego,Esther Delgado,9786075941769,
,Was editorial,El cuadrante de la vida,Sergio León Hernández,9786079982027,
,Was editorial,Lidera fuera de la caja,Javier y Sahid Reyes,9786075941790,
,Was editorial,El camino del Networker,Mihail Millet,n/a,
,Was editorial,"Los líderes mueren, los movimientos no",Jaime Lokier,9786078753086,
,Was editorial,¿Quien soy? ¿A qué vengo?,Arturo Jiménez,9786075941738,
,Was editorial,Psicología ganadora del emprendedor,"Verónika Santos, María Felix, Sánchez, Luis Rhino, Isabel Vargas, César Moysén.",n/a,
,Was editorial,Brilla de nuevo,"Verónika Santos, Lucy Santos, Luz García, Lili Alba, Paty anaya.",n/a,
,Was editorial,Camino al éxito,"Verónika Satos, José Luis Monsalvo, Flor Castillo, Bruno Trinidad, Rosalba Rodarte, Mirna Guzmán.",n/a,
,Was editorial,Dónde están mi poder y mis sueños,Verónika Santos,n/a,
,Was editorial,Pleno,Simon Cohen,n/a,
,Was editorial,Diario Top 5%,Coral Mujaes,n/a,
,Was editorial,"Soñar, creer y crear",Nayo Escobar,978-607-59890-6-8,
,Was editorial,Xóchitl Gálvez Soy cabrona y media,Raciel Trejo,978-607-59890-2-0,
,Was editorial,7 ingredientes infalibles para un restaurante con éxito,Lupita Arias,9786078974122,
,Was editorial,Activa tus superpoderes,Eduardo Rodríguez,n/a,
,Was editorial,Alquimia Personal,Patty Álvarez padilla,978-607-8974-14-6,
,Was editorial,Autoestima,Itala Ureta,n/a,
,Was editorial,Diario de gratitud,Diana Pau González.,9786078974054,
,Was editorial,El ABC del MLM,Randy Gage,9786078974108,
,Was editorial,Enciende el escenario,Lulu Frompr,9786078974160,
,Was editorial,Escucha a tu alma,Luisa Rios,9786075989037,
,Was editorial,Horchata Intelectual,Dr. Moño.,978-607-59620-9-2,
,Was editorial,La consciencia de ser padres con H,Emily Chavez Daumas,9798397545099,
,Was editorial,La envoltura y el regalo,Ricardo Calderón de la Barca,9798987206270,
,Was editorial,La valentía de una mujer,Ana Michell,978-607-8974-17-7,
,Was editorial,Lidera como rockstar,Sergio Nava,978-607-59863-2-6,
,NO WAS,Liderazgo para Alto Desempeño,Enrique Moreno,na,
,Was editorial,Mi mundo de fantasía,Esmeralda Salas.,na,
,Was editorial,Nace un líder,Jaime Lokier,978-607-8974-01-6,
,Was editorial,Neuroabundancia,Verónica del Castillo,978-607-59890-4-4,
,NO WAS,Agenda diaria - Simon Cohen,Simon Cohen,na,
,NO WAS,Abriendo el alma,Margarita Miranda Correa,na,
,Was editorial,Un lugar cerca de la Luna,Luiggi Lavin,978-607-8974-13-9,
,Was editorial,Soñar XL,Milly Moreno,978-607-8974-11-5,
,Was editorial,Tus últimas 24 hrs,Diana Pau González.,978-607-59890-8-2,
,Was editorial,Vende como shark,Coral Mujaes,978-607-8974-06-1,
,Was editorial,La viajera,Yuri Mendoza,978-607-59890-9-9,
,Was editorial,HISTORIA DE NUESTRA SRA DE SAN JUAN,Alberto ,na,
,Was editorial,POR ALGO Y PARA ALGO,Flor,na,
,Was editorial,PON A TRABAJAR TU SEGUNDO CEREBRO,Alex Palombo,na,
,Was editorial,Los niños sí vienen con manual,Lavín11:11,978-607-99820-6-5,
,NO WAS,La fórmula para ganar tu primer millón,Coral Mujaes,9786073831475,
,,Conquista tu mundo,Jhony,,
,,Tu relación más importante,Jhony,,
,,Amor bonito,Jhony,,
,,De víctima a consquistador,Jhony,,
,,Energizers,Jorge Rosas,978-607-8974-24-5,
,,Llama la atención,Serratos,,
,,"1,2 3 x mi",Emily Chavez Daumas,,
,,365 Días para amarme,Andie Lozano,: 978-607-8974-19-1 ,
,Was editorial,Redes de éxito,Gaby Jaime, 978-607-8974-28-3 ,
,,El arte oculto de dominar tu mente y transformar la realidad,David de Alba,978-607-8974-25-2 ,
,,Marka la diferencia,Elizabeth casillas,978-607-8974-26-9,
,,Pornografía,Israel Flores,,
,,De jefe insoportable a líder inspirador,Rodrigo del Val,,
,,Efecto Inspiración,Jessica Garza,978-607-8974-22-1 ,
,,Esa Voz,Ceciia Galindo,978-607-8974-27-6 ,
,,Despierta tu grandeza,Lorena Arelluk,,
,,Renuncia y véndete,Karla Zorola,,
,,Libertad financiera acelerada,Estrella,,
,,Reconfiguración financiera,Alejandro Saracho,,
,,Mapa de riqueza,Alejandro Saracho,,
,,Mentalidad de riqueza extrema,Alejandro Saracho,,
,,Mujeres iluminando mujeres,Isabella Cisneros,,
,,Libreta Sinergy,Serratos,,
,,Letras en acción ,Juan y Rebe,,
,,Sé el producto ganador,Lili Jaime,,NO SE QUEDARON EN BODEGA ESTÁN EN WAS
,,Sana las raíces,Patty Verdugo,,
,,Rescatada por la fe,Ana Lugo,,
,,Responsabilidad emocional,Ana Munguía,,
,,La magia de ser tú,Leonor Verdugo,,
,,El éxito es tu derecho,Minerva martinez,,
,,Conecta con el ser,Cristian Chablé ,,
,,Salto cuántico del alma,Marcela chavez,,
,,El renacer,Leticia rodriguez,,
,,Despierta tu magia interior,Anna ferro,,
,,La grandeza está en ti,Pilar rosas,,
,,El camino a la longevidad,Patricia moreno ,,
,,Cronoviajes,Omar perez,,
,,Electrón y protón,Yhashua Sámano ,,
,,Todo eres tú,Jacky Moguel,,
,,Simplicidad,Yoel,,
,,Niña americana,Raciel ,,
,,El despertar de la dragona,Rosmy Quiroz,,
,,Osolohtli,Oscar lomeli,,
,,Entre dos mundos,Oscar lopez,,
,,Rompiendo límites,Yuri Mendoza,,
,,Harmoni,Rodrigo hellfer ,,
,,Cómo ayudar a un familiar adicto,Tato ,,
,,El ladrón,Tato ,,
,,Vitamina,Tato ,,
,,,Tato,,
,,Trozos del Alma,Marisol,,
,,,,,
,,,,,
,,El miedo no da de comer,Caro Cruz,978-607-8974-20-7,
,,Más allá del dinero,José Manuel de León Gutierrez, 978-607-8974-21-4,
,,Libro de los niños,Emily Chavez Daumas,,